method,theta_q05_m,theta_median_m,theta_q95_m,beta_median,pf_median,pf_q05_theta,pf_q95_theta
Direct-only ML GP,0.9428571428571428,8.028571428571428,15.114285714285714,1.4212033486690314,0.07762882573795543,0.0001145503853949284,0.07762882573795543
Geophysics-proxy-only,2.2714285714285714,4.928571428571429,8.471428571428572,1.7412368890486296,0.04082103178170576,0.006079965243794146,0.07762882573795543
Shared latent-field fusion,2.6086369483204654,5.502853179935944,9.295805839882362,1.651291303779365,0.0493395535685053,0.009328452415299957,0.07762882573795543
