method,theta_median_m,theta_q05_m,theta_q95_m,abs_log_error,holdout_rmse,interval_width_m
Direct empirical variogram,10.5,,,0.9683010463762056,0.9764275373977161,
Direct-only ML GP,8.028571428571428,0.9428571428571428,15.114285714285714,0.69993239705706,0.833376383287038,14.17142857142857
Geophysics-proxy-only,4.928571428571429,2.2714285714285714,8.471428571428572,0.21197496419472886,1.0144325754250942,6.2
Regression-assisted residual GP,5.371428571428571,,,0.2980196905532635,1.0113444011042259,
Shared latent-field fusion,5.502853179935944,2.6086369483204654,9.295805839882362,0.3221925069300607,0.7641220725504746,6.687168891561897
